{"0": 2.3818439390458686, "1": 0.4696365750177409, "2": 2.2180268834456447}